origin,credit_line,birth_year,death_year,audio_url,nationality,dates,name,title,technique,ac_id,image_url,dimension
"Made in United States, North and Central America","The Collection of Edgar William and Bernice Chrysler Garbisch, 1965",0,0,,American,1850,Artist/maker unknown,"""He That Tilleth His Land Shall Be Satisfied""",Oil on wood panel,1965-209-5,http://www.philamuseum.org/images/cad/large/1965-209-5-ov.jpg,"22 7/16 x 29 3/4 inches (57 x 75.6 cm)
Framed: 26 3/8 x 33 5/8 x 2 inches (67 x 85.4 x 5.1 cm)"
"Made in United States, North and Central America","The Alex Simpson, Jr., Collection, 1946",1860,1932,,American,1900,Julius Gari Melchers,Baptism (Church Interior),Oil on canvas,1946-5-1,http://www.philamuseum.org/images/cad/large/1946-5-1-nyd.jpg,43 1/2 x 33 3/16 inches (110.5 x 84.3 cm)
"Made in Philadelphia, Pennsylvania, United States, North and Central America","Gift of Mrs. Thomas Eakins and Miss Mary Adeline Williams, 1929",1844,1916,http://www.philamuseum.org/audio/collections/historicAmericaFamilyTour/694.mp3,American,1898,Thomas Eakins,Between Rounds,Oil on canvas,1929-184-16,http://www.philamuseum.org/images/cad/large/1929-184-16after-CX.jpg,50 1/8 x 39 7/8 inches (127.3 x 101.3 cm)
"Made in United States, North and Central America","Gift of Marguerite and Gerry Lenfest, 2008",1858,1937,,American,1901,Warren Sheppard,Antrim Coastline,Oil on canvas,2008-124-2,http://www.philamuseum.org/images/cad/large/2008-124-2-pma.jpg,20 x 30 inches (50.8 x 76.2 cm)
"Made in United States, North and Central America","Gift of Mrs. John Wintersteen in memory of John Wintersteen, 1953",1824,1906,,American,1878,Eastman Johnson,Barn Swallows,Oil on canvas,1953-111-1,http://www.philamuseum.org/images/cad/large/1953-111-1-CX.jpg,27 3/16 x 22 3/16 inches (69.1 x 56.4 cm)
"Made in Philadelphia, Pennsylvania, United States, North and Central America","Gift of Mrs. Thomas Eakins and Miss Mary Adeline Williams, 1929",1844,1916,,American,1900,Thomas Eakins,Antiquated Music (Portrait of Sarah Sagehorn Frishmuth),Oil on canvas,1929-184-7,http://www.philamuseum.org/images/cad/large/1929-184-7-CX.jpg,97 x 72 inches (246.4 x 182.9 cm)
"Made in United States, North and Central America","Gift of R. Sturgis and Marion B. F. Ingersoll, 1941",1871,1951,,American,1940,John Sloan,Arachne,Tempera glazed with oil on Masonite,1941-103-3,http://www.philamuseum.org/images/cad/large/1941-103-3-nyd.jpg,27 15/16 x 26 inches (71 x 66 cm)
"Made in United States, North and Central America","Purchased with the Edgar Viguers Seeler Fund, 1965",1784,1861,,American,1823,Bass Otis,"Annette Savage and her daughters, Charlotte & Pauline",Oil on canvas,1965-48-1,http://www.philamuseum.org/images/cad/large/1965-48-1.jpg,66 3/8 x 50 1/4 inches (168.6 x 127.6 cm)
"Made in Philadelphia, Pennsylvania, United States, North and Central America","Gift of Mrs. Thomas Eakins and Miss Mary Adeline Williams, 1929",1844,1916,,American,1903,Thomas Eakins,An Actress (Portrait of Suzanne Santje),Oil on canvas,1929-184-23,http://www.philamuseum.org/images/cad/large/1929-184-23-sl.jpg,79 3/4 x 59 7/8 inches (202.6 x 152.1 cm)
"Made in United States, North and Central America","Partial and promised gift of Charles K. Williams, II, 2004",0,0,,American(activeLondon,1910,John Singer Sargent,A Waterfall,Oil on canvas,2004-5-1,http://www.philamuseum.org/images/cad/large/2004-5-1.jpg,"44 1/2 x 28 1/2 inches (113 x 72.4 cm)
Framed: 55 1/2 x 39 inches (141 x 99.1 cm)"
"Made in United States, North and Central America","Gift of Philip and Muriel Berman, 2004",1779,1843,,American,1811,Washington Allston,"Adoration of the Magi, after Titian",Oil on canvas,2004-8-1,http://www.philamuseum.org/images/cad/large/2004-8-1front-rec.jpg,"Framed: 35 1/4 x 43 1/4 x 3 1/2 inches (89.5 x 109.9 x 8.9 cm)
Canvas: 28 1/2 x 36 inches (72.4 x 91.4 cm)"
"Made in United States, North and Central America","Purchased with the John Howard McFadden, Jr., Fund, 1956",1836,1910,,American,1874,Winslow Homer,A Temperance Meeting,Oil on canvas,1956-118-1,http://www.philamuseum.org/images/cad/large/1956-118-1-CX.jpg,20 3/8 x 30 1/8 inches (51.8 x 76.5 cm)
"Made in Philadelphia, Pennsylvania, United States, North and Central America","Purchased with the J. Stogdell Stokes Fund, the Edith H. Bell Fund, and the Katharine Levin Farrell Fund, 1990",1743,1812,,American,1758,Henry Benbridge,Achilles among the Daughters of Lycomedes,Oil on canvas,1990-88-1,http://www.philamuseum.org/images/cad/large/1990-88-1.jpg,26 1/4 x 42 1/4 inches (66.7 x 107.3 cm)
"Made in United States, North and Central America","The William L. Elkins Collection, 1924",1836,1910,,American,1891,Winslow Homer,A Huntsman and Dogs,Oil on canvas,E1924-3-8,http://www.philamuseum.org/images/cad/large/E1924-3-8-CX.jpg,"28 1/8 x 48 inches (71.4 x 121.9 cm)
Framed: 37 x 57 inches (94 x 144.8 cm)"
"Made in United States, North and Central America","125th Anniversary Acquisition. Gift of the McNeil Americana Collection, 2004",1823,1880,,American,1863,Sanford Gifford,A Coming Storm,Oil on canvas,2004-115-1,http://www.philamuseum.org/images/cad/large/2004-115-1-pma.jpg,28 x 42 inches (71.1 x 106.7 cm)
"Made in United States, North and Central America","Gift of Christian Brinton, 1941",1888,1946,,American,1940,Horace Pippin,A Chester County Art Critic (Portrait of Christian Brinton),Oil on canvas,1941-79-139,http://www.philamuseum.org/images/cad/large/1941-79-139.jpg,21 1/2 x 15 7/8 inches (54.6 x 40.3 cm)
"Made in Toledo, Ohio, United States, North and Central America","Gift of Libbey Glass Company, 1982",1905,1998,,American,1949,Designed by Freda Diamond,"""Classic Crystal"" Glasses",Glass,1982-151-1--5,http://www.philamuseum.org/images/cad/large/1982-151-1--5.jpg,"Jigger [1982-151-1] height: 2 1/4 inches (5.7 cm)
Old-Fashioned [1982-151-2] height: 3 3/8 inches (8.6 cm)
Collins [1982-151-3] height: 4 3/4 inches (12.1 cm)
Iced Tea [1982-151-4] height: 5 1/4 inches (13.3 cm)
Cooler [1982-151-5] height: 6 inches (15.2 cm)"
"Made in United States, North and Central America","Gift of Mr. and Mrs. Arthur U. Crosby, 1974",1824,1906,,American,1879,Eastman Johnson,Cranberry Pickers,Oil on cardboard,1974-229-1,http://www.philamuseum.org/images/cad/large/1974-229-1.jpg,13 15/16 x 17 1/2inches (35.4 x 44.4cm)
"Made in United States, North and Central America","Gift of Alice Newton Osborn, 1959",1871,1951,,American,1905,John Sloan,Turning Out the Light,Etching,1959-35-59,http://www.philamuseum.org/images/cad/large/1959-35-59crop.jpg,"Plate: 5 x 7 inches (12.7 x 17.8 cm)
Sheet: 11 7/8 x 15 1/4 inches (30.2 x 38.7 cm)"
"Made in United States, North and Central America","Purchased with the Edith H. Bell Fund and the J. Stogdell Stokes Fund, 1987",1779,1843,,American,1809,Washington Allston,"Scene from Shakespeare's ""The Taming of the Shrew"" (Katharina and Petruchio)",Oil on canvas,1987-8-1,http://www.philamuseum.org/images/cad/large/1987-8-1.jpg,27 3/4 x 30 7/8 inches (70.5 x 78.4 cm)
"Made in Philadelphia, Pennsylvania, United States, North and Central America","Anonymous gift in memory of Elizabeth Wheatley Bendiner, 1991",1743,1812,,American,1779,Attributed to Henry Benbridge,Mrs. Cadwalader Morris (Ann Strettell),"Watercolor on ivory, gold frame",1991-76-2,http://www.philamuseum.org/images/cad/large/1991-76-2-ov.jpg,1 1/4 x 1 1/8 inches (3.2 x 2.9 cm)
"Made in Philadelphia, Pennsylvania, United States, North and Central America","Anonymous gift in memory of Elizabeth Wheatley Bendiner, 1991",1743,1812,,American,1779,Attributed to Henry Benbridge,Cadwalader Morris (1741 - 1795),"Watercolor on ivory, gold frame",1991-76-4,http://www.philamuseum.org/images/cad/large/1991-76-4-ov.jpg,1 5/8 x 1 1/4 inches (4.1 x 3.2 cm)
"Made in Philadelphia, Pennsylvania, United States, North and Central America","Gift of Miss Fannie Ringgold Carter, 1949",1743,1812,,American,1779,Henry Benbridge,Portrait of the Enoch Edwards Family,Oil on canvas,1949-53-1,http://www.philamuseum.org/images/cad/large/1949-53-1-ov.jpg,30 x 23 11/16 inches (76.2 x 60.2 cm)
"Made in United States, North and Central America","Gift of Dr. and Mrs. Matthew T. Moore, 1984",1888,1946,,American,1943,Horace Pippin,Mr. Prejudice,Oil on canvas,1984-108-1,http://www.philamuseum.org/images/cad/large/1984-108-1-CX.jpg,18 1/8 x 14 1/8 inches (46 x 35.9 cm)
"Made in United States, North and Central America","The George W. Elkins Collection, 1924",1836,1910,http://www.philamuseum.org/audio/collections/historicAmericaFamilyTour/684.mp3,American,1884,Winslow Homer,The Life Line,Oil on canvas,E1924-4-15,http://www.philamuseum.org/images/cad/large/E1924-4-15v1-pma.jpg,28 5/8 x 44 3/4 inches (72.7 x 113.7 cm)
"Made in Cuba, North and Central America","Gift of Dr. and Mrs. George Woodward, 1939",1836,1910,,American,1885,Winslow Homer,"Street Scene, Santiago de Cuba, 1885",Transparent and opaque watercolor and graphite with scraping on heavy wove paper,1939-7-15,http://www.philamuseum.org/images/cad/large/1939-7-15-pma.jpg,Sheet: 12 x 17 11/16 inches (30.5 x 44.9 cm)
"Made in United States, North and Central America","Gift of Dr. and Mrs. George Woodward, 1939",1836,1910,,American,1886,Winslow Homer,Red-Winged Blackbirds,Transparent and opaque watercolor over traces of graphite with scraping on heavy wove paper,1939-7-19,http://www.philamuseum.org/images/cad/large/1939-7-19.jpg,Sheet: 20 x 13 15/16 inches (50.8 x 35.4 cm)
"Made in Maine, United States, North and Central America","Gift of Dr. and Mrs. George Woodward, 1939",1836,1910,,American,1894,Winslow Homer,Prout's Neck Surf 1894,Transparent and opaque watercolor over traces of graphite with scraping on heavy wove paper,1939-7-6,http://www.philamuseum.org/images/cad/large/1939-7-6-pma.jpg,Sheet: 14 x 21 7/16 inches (35.6 x 54.5 cm)
"Published in New York City, New York, United States, North and Central America","Purchased with the American Art Revolving Fund, 2011",1836,1910,,American,1867,After Winslow Homer,Homeward-Bound,Wood engraving,2011-177-1,http://www.philamuseum.org/images/cad/large/2011-177-1-pma.jpg,"Image: 13 9/16 x 20 3/8 inches (34.4 x 51.8 cm)
Sheet: 15 x 21 7/16 inches (38.1 x 54.5 cm)"
"Made in United States, North and Central America","125th Anniversary Acquisition. Gift of Ann R. Stokes, 2002",1836,1910,,American,1891,Winslow Homer,Building a Smudge,Watercolor over traces of graphite on watercolor paper,2002-10-1,http://www.philamuseum.org/images/cad/large/2002-10-1.jpg,Sheet: 13 1/2 x 20 5/8 inches (34.3 x 52.4 cm)
"Made in Cuba, North and Central America","or Spain, Europe",0,0,,CubanorSpanish.LabelHonoreLaine,1876,Artist/maker unknown,Fan,Printed paper; wooden sticks and guards,1997-132-24,http://www.philamuseum.org/images/cad/large/1997-132-24side1-dept.jpg,Length: 8 3/4 inches (22.2 cm)
"Made in Cuba, North and Central America","Gift of Mrs. Henry W. Breyer, 1957",0,0,,Havana,0,La Industrial Albaniquera,Fan,Hand-painted lace with gold appliqué and sequins; gold filigree loop,1957-79-21,http://www.philamuseum.org/images/cad/large/1957-79-21open-dept.jpg,14 x 15 inches (35.6 x 38.1 cm)
"Made in Philadelphia, Pennsylvania, United States, North and Central America","Gift of Eliza Amanda Tucker in memory of Mary Earp Tucker, 1931",1835,1837,,Philadelphia,1837,Made by American Porcelain Company (formerly Tucker Factory),Toilet Bottle with Stopper,Porcelain with enamel and gilt decoration,"1931-55-2aa,ba","http://www.philamuseum.org/images/cad/large/1931-55-2aa,ba-ov.jpg",7 x 3 7/8 inches (17.8 x 9.9 cm)
"Made in Jersey City, New Jersey, United States, North and Central America","Gift of Jay A. and Emma Lewis, 2008",0,0,,JerseyCity,1840,Manufacture attributed to American Pottery Manufacturing Company,Pitcher,Glazed earthenware (American Rockingham ware),2008-25-18,http://www.philamuseum.org/images/cad/large/2008-25-18-ov.jpg,10 7/16 x 8 11/16 x 8 1/16 inches (26.5 x 22.1 x 20.5 cm)
"Made in Philadelphia, Pennsylvania, United States, North and Central America","Gift of Eliza Amanda Tucker in memory of Mary Earp Tucker, 1931",1835,1837,,Philadelphia,1837,Made by American Porcelain Company (formerly Tucker Factory),Toilet Bottle with Stopper,Porcelain with enamel and gilt decoration,"1931-55-2a,b","http://www.philamuseum.org/images/cad/large/1931-55-2a,b-ov.jpg",7 x 3 7/8 inches (17.8 x 9.9 cm)
"Made in Philadelphia, Pennsylvania, United States, North and Central America","Gift of Mrs. William M. Elkins in memory of her husband, 1947",1835,1837,,Philadelphia,1835,Made by American Porcelain Company (formerly Tucker Factory),Pitcher,Porcelain with enamel and gilt decoration,1947-51-1,http://www.philamuseum.org/images/cad/large/1947-51-1v1-ov.jpg,9 7/8 x 12 5/8 x 3 inches (25.1 x 32.1 x 7.6 cm)
"Made in Philadelphia, Pennsylvania, United States, North and Central America","Gift of John T. Morris, 1915",1835,1837,,Philadelphia,1835,Possibly made by American Porcelain Company (formerly Tucker Factory),Pitcher,Porcelain with enamel and gilt decoration,1915-119,http://www.philamuseum.org/images/cad/large/1915-119-ov.jpg,11 5/8 x 8 9/16 inches (29.5 x 21.7 cm)
"Made in Zanesville, Ohio, United States, North and Central America","Gift of Jay A. and Emma Lewis, 2008",0,0,,Zanesville,0,American Encaustic Tiling Company,Tile with Bust of Abraham Lincoln,Earthenware,"2008-25-69a,b","http://www.philamuseum.org/images/cad/large/2008-25-69a,b-pma.jpg",Height: 7 5/8 inches (19.4 cm)
"Made in New York City, New York, United States, North and Central America","Gift of Mr. and Mrs. I. Wistar Morris III, 1988",1836,1880,,NewYork,1860,Albert Coles & Co.,Candelabrum,Silver,1988-89-4a--c,http://www.philamuseum.org/images/cad/large/1988-89-4a--c-ov.jpg,"22 1/4 x 15 x 5 7/8 inches (56.5 x 38.1 x 14.9 cm)
Weight: 33 ounces 8 dwt"
"Made in United States, North and Central America",© Estate of Edna Andrade,1917,2008,,American,1962,Edna Andrade,Trees,Brush and black ink with ink wash on cream wove paper,,http://www.philamuseum.org/images/cad/large/2008-100-8-pma.jpg,Sheet: 16 5/8 x 10 5/8 inches (42.2 x 27 cm)
"Made in United States, North and Central America",© Estate of Edna Andrade,1917,2008,,American,1972,Edna Andrade,Study for Torsion 1,Graphite on thin cream wove paper,,http://www.philamuseum.org/images/cad/large/2008-100-14-pma.jpg,Sheet: 9 1/4 x 10 1/2 inches (23.5 x 26.7 cm)
"Made in United States, North and Central America",© Estate of Edna Andrade,1917,2008,,American,1972,Edna Andrade,Study for Night Sea (possibly),Graphite on heavy cream wove paper,,http://www.philamuseum.org/images/cad/large/2008-100-15-pma.jpg,Sheet: 19 3/4 x 11 3/4 inches (50.2 x 29.8 cm)
"Made in United States, North and Central America",© Estate of Edna Andrade,1917,2008,,American,1979,Edna Andrade,"Study for ""Grid, 1980""",Graphite and colored pencil on graph paper,,http://www.philamuseum.org/images/cad/large/2008-100-22-pma.jpg,Sheet: 11 x 9 5/8 inches (27.9 x 24.4 cm)
"Made in United States, North and Central America",© Estate of Edna Andrade,1917,2008,,American,1964,Edna Andrade,Study,Black and red fiber-tipped pen on yellow tracing paper,,http://www.philamuseum.org/images/cad/large/2008-100-12-pma.jpg,Sheet: 12 x 14 inches (30.5 x 35.6 cm)
"Made in United States, North and Central America",© Estate of Edna Andrade,1917,2008,,American,1976,Edna Andrade,Grid Drawing,Colored pencil on graph paper,,http://www.philamuseum.org/images/cad/large/2008-100-19-pma.jpg,Sheet: 11 x 8 1/2 inches (27.9 x 21.6 cm)
"Made in United States, North and Central America",© Estate of Edna Andrade,1917,2008,,American,1976,Edna Andrade,Grid Drawing,Graphite and colored pencil on graph paper,,http://www.philamuseum.org/images/cad/large/2008-100-18-pma.jpg,Sheet: 11 x 9 7/8 inches (27.9 x 25.1 cm)
"Made in United States, North and Central America",© Estate of Edna Andrade,1917,2008,,American,1962,Edna Andrade,Forest,Brush and black ink with ink wash on cream wove paper,,http://www.philamuseum.org/images/cad/large/2008-100-9-pma.jpg,Sheet: 11 x 17 inches (27.9 x 43.2 cm)
"Made in United States, North and Central America",© Estate of Edna Andrade,1917,2008,,American,1982,Edna Andrade,Flip Flop,Graphite and colored pencil on cream wove paper (diptych),,http://www.philamuseum.org/images/cad/large/2008-100-23a-pma.jpg,"Sheet (left panel): 12 7/8 x 9 inches (32.7 x 22.9 cm)
Sheet (right panel): 13 3/4 x 9 inches (34.9 x 22.9 cm)"
"Made in United States, North and Central America",© Estate of Edna Andrade,1917,2008,,American,1979,Edna Andrade,Finale Drawing,Graphite and colored pencil on graph paper,,http://www.philamuseum.org/images/cad/large/2008-100-20-pma.jpg,Sheet: 11 x 10 inches (27.9 x 25.4 cm)
"Made in United States, North and Central America",© Estate of Edna Andrade,1917,2008,,American,1963,Edna Andrade,Figure Moving,Pen and black ink on thin beige wove paper,,http://www.philamuseum.org/images/cad/large/2008-100-11-pma.jpg,Sheet: 13 x 17 inches (33 x 43.2 cm)
"Made in United States, North and Central America",© Estate of Edna Andrade,1917,2008,,American,1961,Edna Andrade,Figure and Bird Line Drawing III,Pen and black ink on cream wove paper,,http://www.philamuseum.org/images/cad/large/2008-100-6-pma.jpg,Sheet: 14 x 17 inches (35.6 x 43.2 cm)
"Made in United States, North and Central America",© Estate of Edna Andrade,1917,2008,,American,1948,Edna Andrade,Disappearing Man and Conch Shell,Opaque watercolor on beige wove paper,,http://www.philamuseum.org/images/cad/large/2008-100-3-pma.jpg,Sheet: 8 1/8 x 9 3/4 inches (20.6 x 24.8 cm)
"Made in United States, North and Central America",© Estate of Edna Andrade,1917,2008,,American,1970,Edna Andrade,Decagon,White opaque watercolor or ink on tan card with silver foil facing paper,,http://www.philamuseum.org/images/cad/large/2008-100-13-pma.jpg,Sheet: 9 x 9 inches (22.9 x 22.9 cm)
"Made in United States, North and Central America",© Estate of Edna Andrade,1917,2008,,American,1979,Edna Andrade,"Color Grid Diptych (Related to ""Grid,"" 1980)",Graphite and colored pencil on cream wove paper,,http://www.philamuseum.org/images/cad/large/2008-100-21-pma.jpg,Sheet: 8 9/16 x 11 inches (21.7 x 27.9 cm)
"Printed in Albuquerque, New Mexico, United States, North and Central America",© Estate of Edna Andrade,1917,2008,,American,1971,Edna Andrade,Black Cisoide,Lithograph,,http://www.philamuseum.org/images/cad/large/2010-63-3-pma.jpg,Image and sheet: 24 x 30 1/8 inches (61 x 76.5 cm)
"Made in United States, North and Central America",© Estate of Edna Andrade,1917,2008,,American,1941,Edna Andrade,Bailey Island Shore,Graphite on tan wove paper,,http://www.philamuseum.org/images/cad/large/2008-100-1-pma.jpg,Sheet: 9 x 11 1/2 inches (22.9 x 29.2 cm)
"Made in United States, North and Central America","Bequest of Greta Carter Mohoney, 1961",0,0,,American,0,Artist/maker unknown,Amethyst Earrings,"Silver, amethyst, gold wash","1961-79-2b,c","http://www.philamuseum.org/images/cad/large/1961-79-2b,c-ov.jpg",Length: 1 3/4 inches (4.4 cm)
"Made in United States, North and Central America","Bequest of Greta Carter Mohoney, 1961",0,0,,American,0,Artist/maker unknown,Amethyst Brooch,"Silver, amethyst, gold wash",1961-79-2d,http://www.philamuseum.org/images/cad/large/1961-79-2d-dept.jpg,2 × 1 9/16 inches (5.1 × 4 cm)
"Made in United States, North and Central America","Gift of Mrs. Henry W. Breyer, Jr., 1964",0,0,,American,1943,Artist/maker unknown,"""Searchlight"" Brooch","Gold, moonstone, semi-precious stones",1964-6-3,http://www.philamuseum.org/images/cad/large/1964-6-3-pma.jpg,1 1/4 x 2 x 3/4 inches (3.2 x 5.1 x 1.9 cm)
"Made in United States, North and Central America",© Estate of Edna Andrade,1917,2008,,American,1982,Edna Andrade,Stripe Study,Graphite and colored pencil on cream wove paper,,http://www.philamuseum.org/images/cad/large/2008-100-24-pma.jpg,Sheet: 13 11/16 x 9 1/8 inches (34.8 x 23.2 cm)
"Photograph taken in New Mexico, United States, North and Central America",© Estate of Paul Strand,1890,1976,,American,1932,Paul Strand,"Adobe Facade, New Mexico",Gelatin silver print,,http://www.philamuseum.org/images/cad/large/2009-160-719-pdp.jpg,"Image: 4 5/8 x 5 7/8 inches (11.8 x 15 cm)
Sheet: 9 15/16 x 7 15/16 inches (25.2 x 20.2 cm)"
"Photograph taken in New Mexico, United States, North and Central America",© Estate of Paul Strand,1890,1976,,American,1932,Paul Strand,"Adobe Facade, New Mexico",Gelatin silver print,,http://www.philamuseum.org/images/cad/large/2009-160-718-pdp.jpg,"Image: 4 5/8 x 5 7/8 inches (11.8 x 15 cm)
Sheet: 9 15/16 x 7 15/16 inches (25.2 x 20.2 cm)"
"Photograph taken in New Mexico, United States, North and Central America",© Estate of Paul Strand,1890,1976,,American,1932,Paul Strand,"Adobe Facade, New Mexico",Gelatin silver print,,http://www.philamuseum.org/images/cad/large/2009-160-717-pdp.jpg,"Image: 4 5/8 x 5 7/8 inches (11.8 x 15 cm)
Sheet: 9 15/16 x 7 15/16 inches (25.2 x 20.2 cm)"
"Photograph taken in New Mexico, United States, North and Central America",© Estate of Paul Strand,1890,1976,,American,1932,Paul Strand,"Adobe Facade, New Mexico",Gelatin silver print,,http://www.philamuseum.org/images/cad/large/2009-160-716-pdp.jpg,"Image: 4 5/8 x 5 7/8 inches (11.8 x 15 cm)
Sheet: 9 15/16 x 7 15/16 inches (25.2 x 20.2 cm)"
"Photograph taken in Connecticut, United States, North and Central America",© Estate of Paul Strand,1890,1976,,American,1916,Paul Strand,"Abstraction, Porch Shadows, Twin Lakes, Connecticut",Gelatin silver print,,http://www.philamuseum.org/images/cad/large/1980-21-9-pma.jpg,Image (sight): 12 5/8 x 8 3/4 inches (32.1 x 22.2 cm)
"Photograph taken in Connecticut, United States, North and Central America",© Estate of Paul Strand,1890,1976,,American,1915,Paul Strand,"Abstraction, Porch Shadows, Twin Lakes, Connecticut",Photogravure,,http://www.philamuseum.org/images/cad/large/1967-285-266-pdp.jpg,Sheet: 11 11/16 x 8 1/16 inches (29.7 x 20.5 cm)
"Photograph taken in Connecticut, United States, North and Central America",© Estate of Paul Strand,1890,1976,,American,1915,Paul Strand,"Abstraction, Porch Shadows, Twin Lakes, Connecticut",Photogravure,,http://www.philamuseum.org/images/cad/large/1966-205-49-50(10)-pdp.jpg,Sheet: 11 5/8 x 8 15/16 inches (29.5 x 22.7 cm)
"Made in United States, North and Central America",© Estate of Paul Strand,1890,1976,,American,1916,Paul Strand,"Abstraction, Bowls, Twin Lakes, Connecticut",Photogravure,,http://www.philamuseum.org/images/cad/large/1967-285-264-pdp.jpg,Sheet: 10 x 8 inches (25.4 x 20.3 cm)
"Photograph taken in Taos, New Mexico, United States, North and Central America",© Estate of Paul Strand,1890,1976,,American,1932,Paul Strand,"Abandoned House, Taos, New Mexico",Platinum print,,http://www.philamuseum.org/images/cad/large/1985-113-5-rec.jpg,Image and sheet: 7 5/8 x 9 11/16 inches (19.4 x 24.6 cm)
"Photograph taken in New Mexico, United States, North and Central America",© Estate of Paul Strand,1890,1976,,American,1932,Paul Strand,"Abandoned House, New Mexico",Gelatin silver print,,http://www.philamuseum.org/images/cad/large/1980-21-114-pdp.jpg,Image (sight): 8 5/8 x 10 15/16 inches (21.9 x 27.8 cm)
"Made in United States, North and Central America",© Estate of Paul Strand,1890,1976,,American,1916,Paul Strand,"Abstraction, Bowls, Twin Lakes, Connecticut",Photogravure,,http://www.philamuseum.org/images/cad/large/1966-205-49-50(11)-pdp.jpg,Sheet: 11 11/16 x 8 1/16 inches (29.7 x 20.5 cm)
"Photograph taken in United States, North and Central America",© Estate of Paul Strand,1890,1976,,American,1946,Paul Strand,"""Death, The Victor,"" Tombstone, Vermont",Gelatin silver print,,http://www.philamuseum.org/images/cad/large/1980-21-190-pma.jpg,Image: 9 7/16 x 7 1/2 inches (24 x 19.1 cm)
"Made in Philadelphia, Pennsylvania, United States, North and Central America","Purchased with the bequest of Margaret McKee Breyer, the Titus C. Geesey Collection, Mrs. C. E. Warner, J. Stogdell Stokes, the estate of Dr. Charles Koder, the Haas Community Funds, Mr. and Mrs. George B. Emeny, Mrs. Elizabeth Titus, and Mrs. Xavier von Erdberg (by exchange) in honor of the 125th Anniversary of the Museum, 2002",1835,1896,,Philadelphia,1865,Attributed to Allen and Brother,Center Table,"Walnut, Circassian walnut l veneer, ebonized and gilt decoration; brass; marble top",2002-79-1,http://www.philamuseum.org/images/cad/large/2002-79-1-ov-CX.jpg,30 3/4 x 58 1/2 x 30 1/2 inches (78.1 x 148.6 x 77.5 cm)
"Made in Philadelphia, Pennsylvania, United States, North and Central America","125th Anniversary Acquisition. Gift of the McNeil Americana Collection, 2007",1790,1814,,American(bornScotland),1785,Attributed to John Aitken,Side Chair,"Mahogany, lightwood stringing, ash, softwood",2007-65-6,http://www.philamuseum.org/images/cad/large/2007-65-6-ov.jpg,"37 1/4 x 21 x 20 1/2 inches (94.6 x 53.3 x 52.1 cm)
Seat: 17 1/2 x 21 x 17 1/2 inches (44.5 x 53.3 x 44.5 cm)"
"Made in Philadelphia, Pennsylvania, United States, North and Central America","Gift of Henry P. McIlhenny, 1977",1740,1795,,American(bornScotland),1790,Possibly by Thomas Affleck,Senate Armchair,"Mahogany, oak",1977-3-1,http://www.philamuseum.org/images/cad/large/1977-3-1-pma-CX.jpg,"34 1/4 x 24 x 24 inches (87 x 61 x 61 cm)
Seat: 15 x 24 x 19 1/2 inches (38.1 x 61 x 49.5 cm)"
"Made in Philadelphia, Pennsylvania, United States, North and Central America","Gift of Mrs. Harry A. Batten in memory of her husband, 1967",1740,1795,,American(bornScotland),1771,Stand and frame made by the Workshop of Thomas Affleck,Fire Screen,Mahogany; modern embroidered silk textile,1967-266-1,http://www.philamuseum.org/images/cad/large/1967-266-1v1-cons.jpg,"5 feet 2 1/4 inches x 19 x 17 1/2 inches (158.1 x 48.3 x 44.5 cm)
Height (Screen): 22 1/4 inches (56.5 cm)"
"Made in Philadelphia, Pennsylvania, United States, North and Central America","Purchased with the Elizabeth S. Shippen Fund, 1926",1740,1795,,American(bornScotland),1770,Attributed to Thomas Affleck,Chest-on-Chest,"Mahogany, mahogany veneer, red gum, white cedar, yellow poplar; brass",1926-19-1,http://www.philamuseum.org/images/cad/large/1926-19-1-sl.jpg,8 feet 2 1/2 inches x 3 feet 11 1/2 inches x 1 feet 11 1/4 inches (250.2 x 120.7 x 59.1 cm)
"Made in Philadelphia, Pennsylvania, United States, North and Central America","125th Anniversary Acquisition. Gift of H. Richard Dietrich, Jr., 2001",1740,1795,,American(bornScotland),1770,Made by the workshop of Thomas Affleck,Easy Chair,"Mahogany, yellow pine, white oak, white cedar, black walnut, tulip poplar",2001-12-1,http://www.philamuseum.org/images/cad/large/2001-12-1view3.jpg,46 x 36 1/2 x 34 inches (116.8 x 92.7 x 86.4 cm)
"Made in Philadelphia, Pennsylvania, United States, North and Central America","Purchased for the Cadwalader Collection with funds contributed by the Mabel Pew Myrin Trust and with the gift of an anonymous donor, 1984",1740,1795,,American(bornScotland),1770,Workshop of Thomas Affleck,Card Table,"Mahogany, yellow pine, yellow poplar, oak",1984-6-1,http://www.philamuseum.org/images/cad/large/1984-6-1view1.jpg,28 7/8 x 39 x 19 3/4 inches (73.3 x 99.1 x 50.2 cm)
"Made in Philadelphia, Pennsylvania, United States, North and Central America","Gift of Holly Rogers Nardi, and gifts (by exchange) of R. Ball Dodson, the heirs of J. Stogdell Stokes, Walton Hooker Nason Jr., James K. DeArmond, Jr., and Dr. Anna Janney DeArmond, R. Wistar Harvey, Mrs. Sarah Bierly Dutton Spang, Elizabeth Wheatley Bendiner, Emily Bacon Morrison in memory of Edward and Lizzie W. Bacon, Lydia Thompson Morris, David Stockwell for the Walter J. Johnson Memorial, Lisa Norris Elkins, 2011",1740,1795,,American(bornScotland),1760,Attributed to Thomas Affleck,Side Chair,"Mahogany, yellow pine",2011-88-1,http://www.philamuseum.org/images/cad/large/2011-88-1v1-pma.jpg,40 3/16 x 22 1/16 x 22 7/16 inches (102.1 x 56 x 57 cm)
"Made in United States, North and Central America","Gift of an anonymous donor in memory of Marjorie Bare Rex, 2001",0,0,,American,0,Artist/maker unknown,"""Giant Bull's Eye"" Cruet, without Stopper",Colorless non-lead glass (pressed),2001-22-17,http://www.philamuseum.org/images/cad/large/2001-22-17-neh.jpg,4 3/4 x 4 x 3 1/2 inches (12.1 x 10.2 x 8.9cm)
"Made in Albany, New York, United States, North and Central America","The George H. Lorimer Collection, 1938",0,0,,Albany,1847,Made by Albany Glass Works,Flask,Bluet non-lead glass (blown-molded),1938-23-217,http://www.philamuseum.org/images/cad/large/1938-23-217-ov.jpg,Height: 7 inches (17.8 cm)
"Made in Albany, New York, United States, North and Central America","The George H. Lorimer Collection, 1938",0,0,,Albany,1847,Made by Albany Glass Works,Flask,Non-lead glass (olive),1938-23-184,http://www.philamuseum.org/images/cad/large/1938-23-184-ov.jpg,Height: 7 inches (17.8 cm)
"Made in Bellaire, Ohio, United States, North and Central America","The Elizabeth Wandell Smith Collection, 1928",0,0,,Bellaire,1880,Made by Aetna Glass and Manufacturing Company,Napkin Holder with Salt and Pepper,Non-lead amber glass (pressed),1928-95-365,http://www.philamuseum.org/images/cad/large/1928-95-365-neh.jpg,5 3/16 x 4 13/16 x 4 inches (13.2 x 12.2 x 10.2 cm)
"Possibly made in Pittsburgh, Pennsylvania, United States, North and Central America","The George H. Lorimer Collection, 1938",1851,1888,,Pittsburgh,1851,Possibly made by Adams and Company,Flask in the Form of a Scroll,Non-lead glass (aqua),1938-23-168,http://www.philamuseum.org/images/cad/large/1938-23-168-ov.jpg,Height: 6 1/2 inches (16.5 cm)
"Made in Pittsburgh, Pennsylvania, United States, North and Central America","Gift of Mrs. Richard W. Lloyd in honor of her father, Morgan Hebard, 1981",1851,1888,,Pittsburgh,1874,Made by Adams and Company,Bread Tray,Yellow glass,1981-68-1,http://www.philamuseum.org/images/cad/large/1981-68-1-neh.jpg,1 1/8 x 11 x 8 1/8 inches (2.9 x 27.9 x 20.6 cm)
"Made in United States, North and Central America","Gift of Collab: The Group for Modern and Contemporary Design at the Philadelphia Museum of Art, 1985",1925,0,,American,1978,Designed by Robert Venturi,"""Chippendale"" Chair",Bent laminated wood; plastic laminate,1985-94-4,http://www.philamuseum.org/images/cad/large/1985-94-4.jpg,"37 1/2 x 23 1/8 x 18 1/2 inches (95.3 x 58.7 x 47 cm)
Seat height: 15 3/4 inches (40 cm)"
"Made in New York, United States, North and Central America","Gift of Laverne International, 1971",1909,2003,,American,1962,Designed by Erwine Laverne,"""Champagne"" Chair","Plexiglas, aluminum; upholstery",1971-1-1,http://www.philamuseum.org/images/cad/large/1971-1-1.jpg,"31 1/2 x 23 3/4 x 23 inches (80 x 60.3 x 58.4 cm)
Seat height: 15 3/4 inches (40 cm)"
"Made in Ojai, California, United States, North and Central America",© Beatrice Wood Center for the Arts / Happy Valley Foundation,1893,1998,,American,1996,Beatrice Wood,"""Blindman"" Pin",Silver,,http://www.philamuseum.org/images/cad/large/2009-32-1-neh.jpg,4 1/2 x 3 1/2 inches (11.4 x 8.9 cm)
"Made in United States, North and Central America","Gift of Collab: The Group for Modern and Contemporary Design at the Philadelphia Museum of Art, 1983",1908,1986,,American,1947,Designed by George Nelson,"""Ball"" Wall Clock","Painted birch, steel, brass",1983-50-4,http://www.philamuseum.org/images/cad/large/1983-50-4.jpg,Diameter: 13 3/8 inches (34 cm)
"Made in United States, North and Central America","Gift of Curvet USA, 1999",1960,0,,Canadian(bornEgypt),1990,Karim Rashid,"""Aura"" Table","Metal, glass",1999-154-1,http://www.philamuseum.org/images/cad/large/1999-154-1.jpg,18 3/4 x 35 1/2 x 32 1/8 inches (47.6 x 90.2 x 81.6 cm)
"Made in United States, North and Central America","The Muriel and Philip Berman Gift, acquired from the Pennsylvania Academy of the Fine Arts, with funds contributed by Muriel and Philip Berman, gifts (by exchange) of Lisa Norris Elkins, Bryant W. Langston, Samuel S. White 3rd and Vera White, with additional funds contributed by John Howard McFadden, Jr., Thomas Skelton Harrison, and the Philip H. and A.S.W. Rosenbach Foundation, 1985",1896,1908,,American,1904,Reproduction after a painting by A. Romès,"""As a Little Child""",Color photomechanical reproduction,1985-52-39491,http://www.philamuseum.org/images/cad/large/1985-52-39491-pdp.jpg,"Plate: 20 1/2 x 14 3/8 inches (52 x 36.5 cm)
Sheet: 27 3/16 x 21 1/2 inches (69 x 54.6 cm)"
"Made in United States, North and Central America","Gift of Nessen Lamps, Inc., 1974",1900,1978,,American(bornGermany),1952,Designed by Greta von Nessen,"""Anywhere"" Lamp",Aluminum and enameled metal,1974-57-1,http://www.philamuseum.org/images/cad/large/1974-57-1-neh.jpg,14 x 14 x 14 inches (35.6 x 35.6 x 35.6 cm)
"Made in United States, North and Central America","The Ella King Torrey Collection of African American Quilts, 2006",1894,1984,,American,1980,Pearlie Posey,"""Animals"" Quilt",Cotton; running stitch,2006-163-7,http://www.philamuseum.org/images/cad/large/2006-163-7-pma.jpg,76 1/4 x 62 1/2 inches (193.7 x 158.8 cm)
"Made in United States, North and Central America","© The Isamu Noguchi Foundation and Garden Museum , New York / Artists Rights Society (ARS), New York",1904,1988,,American,1960,Designed by Isamu Noguchi,"""Akari"" Lamp","Mino-gami (mulberry bark paper), bamboo, metal",,http://www.philamuseum.org/images/cad/large/1979-87-6-pma.jpg,75 x 50 inches (190.5 x 127 cm)
"Made in United States, North and Central America","© The Isamu Noguchi Foundation and Garden Museum , New York / Artists Rights Society (ARS), New York",1904,1988,,American,1975,Designed by Isamu Noguchi,"""Akari"" Lamp","Mino-gami (mulberry bark paper), bamboo, metal",,http://www.philamuseum.org/images/cad/large/1979-87-7-pma.jpg,6 feet 3 inches x 14 inches (190.5 x 35.6 cm)
"Made in United States, North and Central America","© The Isamu Noguchi Foundation and Garden Museum , New York / Artists Rights Society (ARS), New York",1904,1988,,American,1960,Designed by Isamu Noguchi,"""Akari"" Lamp","Mino-gami (mulberry bark paper), bamboo, metal",,http://www.philamuseum.org/images/cad/large/1979-87-4-pma.jpg,"open: 63 x 23 inches (160 x 58.4 cm)
closed: 2 1/2 x 27 1/2 x 27 1/2 inches (6.4 x 69.9 x 69.9 cm)"
"Made in United States, North and Central America","© The Isamu Noguchi Foundation and Garden Museum , New York / Artists Rights Society (ARS), New York",1904,1988,,American,1975,Designed by Isamu Noguchi,"""Akari"" Floor Lamp","Mino-gami (mulberry bark paper), bamboo, metal",,http://www.philamuseum.org/images/cad/large/1979-87-5-pma.jpg,63 x 23 inches (160 x 58.4 cm)
"Made in United States, North and Central America","© The Isamu Noguchi Foundation and Garden Museum , New York / Artists Rights Society (ARS), New York",1904,1988,,American,1976,Designed by Isamu Noguchi,"""Akari"" Floor Lamp","Mino-gami (mulberry bark paper), bamboo, metal",,http://www.philamuseum.org/images/cad/large/1979-87-2-pma.jpg,47 x 22 inches (119.4 x 55.9 cm)
"Made in United States, North and Central America","© The Isamu Noguchi Foundation and Garden Museum , New York / Artists Rights Society (ARS), New York",1904,1988,,American,1975,Designed by Isamu Noguchi,"""Akari"" Floor Lamp","Mulberry bark paper, bamboo, metal",,http://www.philamuseum.org/images/cad/large/1979-87-1-pma.jpg,"open: 45 x 32 inches (114.3 x 81.3 cm)
closed: 7 x 30 1/4 x 30 1/4 inches (17.8 x 76.8 x 76.8 cm)"
"Made in United States, North and Central America","© The Isamu Noguchi Foundation and Garden Museum , New York / Artists Rights Society (ARS), New York",1904,1988,,American,1960,Designed by Isamu Noguchi,"""Akari"" Lamp","Mino-gami (mulberry bark paper), bamboo, metal",,http://www.philamuseum.org/images/cad/large/1979-87-3-pma.jpg,"open: 63 x 23 inches (160 x 58.4 cm)
closed: 6 1/4 x 24 1/2 x 24 1/4 inches (15.9 x 62.2 x 61.6 cm)"
"Made in East Greenville, Pennsylvania, United States, North and Central America","Gift of Lisa S. Roberts in honor of Eric Rymshaw and James Fulton, 2004",1988,0,,NewYork,1999,Designed by Asymptote,"""A3"" Work Station","Tubular steel, metal, plastic, laminated wood",2004-37-1a--o,http://www.philamuseum.org/images/cad/large/2004-37-1a--o.jpg,6 feet 1 inches x 9 feet 2 inches x 6 feet 10 inches (185.4 x 279.4 x 208.3 cm)
"Made in Youngstown, Ohio, United States, North and Central America","Gift of David Rowland, 1972",1924,2010,,American,1964,Designed by David Rowland,"""40-in-4"" Stacking Chair","Steel, plastic",1972-226-1,http://www.philamuseum.org/images/cad/large/1972-226-1v1-pma.jpg,30 x 20 1/4 x 21 1/2 inches (76.2 x 51.4 x 54.6 cm)
"Made in United States, North and Central America","© The Isamu Noguchi Foundation and Garden Museum , New York / Artists Rights Society (ARS), New York",1904,1988,,American,1948,Designed by Isamu Noguchi,Table Lamp,"Plastic, wood",,http://www.philamuseum.org/images/cad/large/1977-85-1.jpg,15 3/4 x 7 1/16 inches (40 x 18 cm)
"Made in United States, North and Central America","The Ella King Torrey Collection of African American Quilts, 2006",1894,1984,,American,1981,Pearlie Posey,"""Exercisers"" Quilt",Cotton and polyester; running stitch,2006-163-6,http://www.philamuseum.org/images/cad/large/2006-163-6-pma.jpg,79 1/2 x 64 3/4 inches (201.9 x 164.5 cm)
"Made in Zeeland, Michigan, United States, North and Central America","Gift of Jeanne S. Rymer, 2007",0,0,,withJohnF.Pile,1957,Designed by George Nelson,"""Pretzel"" Chair","Birch-faced laminated wood, leather",2007-186-28,http://www.philamuseum.org/images/cad/large/2007-186-28v1-pma.jpg,31 x 23 1/2 x 19 1/2 inches (78.7 x 59.7 x 49.5 cm)
"Made in Ojai, California, United States, North and Central America",© Beatrice Wood Center for the Arts / Happy Valley Foundation,1893,1998,,American,1940,Beatrice Wood,Vase,Glazed earthenware,,http://www.philamuseum.org/images/cad/large/1996-3-1-neh.jpg,3 7/8 x 2 1/8 inches (9.8 x 5.4 cm)
"Made in New York City, New York, United States, North and Central America","The Louise and Walter Arensberg Collection, 1950",1893,1998,,American,1917,Published by Beatrice Wood,The Blind Man (No.2),Periodical with paper covers,1950-134-1053,http://www.philamuseum.org/images/cad/large/1950-134-1053-pma.jpg,Sheet (each): 11 x 8 inches (27.9 x 20.3 cm)
"Made in Ojai, California, United States, North and Central America",© Beatrice Wood Center for the Arts / Happy Valley Foundation,1893,1998,,American,1993,Beatrice Wood,Love Boat,"Earthenware with glaze, lustre",,"http://www.philamuseum.org/images/cad/large/1996-2-13a,b-neh.jpg",14 1/2 x 10 inches (36.8 x 25.4 cm)
"Made in United States, North and Central America",© Beatrice Wood Center for the Arts / Happy Valley Foundation,1893,1998,,American,1917,Beatrice Wood,Non,"Pen and black ink, colored pencil and graphite on wove paper",,http://www.philamuseum.org/images/cad/large/1978-99-47-pma.jpg,Sheet: 10 13/16 x 8 7/16 inches (27.5 x 21.4 cm)
"Made in United States, North and Central America",© Beatrice Wood Center for the Arts / Happy Valley Foundation,1893,1998,,American,1917,Beatrice Wood,L'Après Midi D'Un Faun,Pen and brown ink and colored crayon on wove paper,,http://www.philamuseum.org/images/cad/large/1978-99-26.jpg,Sheet: 10 3/8 x 8 1/2 inches (26.4 x 21.6 cm)
"Made in Ojai, California, United States, North and Central America",© Beatrice Wood Center for the Arts / Happy Valley Foundation,1893,1998,,American,1950,Beatrice Wood,Iphigenia,Glazed earthenware,,http://www.philamuseum.org/images/cad/large/1994-101-2-neh.jpg,7 3/4 x 9 3/4 x 6 1/2 inches (19.7 x 24.8 x 16.5 cm)
"Made in Ojai, California, United States, North and Central America",© Beatrice Wood Center for the Arts / Happy Valley Foundation,1893,1998,,American,1975,Beatrice Wood,Goblet,Luster-glazed earthenware,,http://www.philamuseum.org/images/cad/large/1992-18-2.jpg,12 1/8 x 8 3/4 x 8 3/4 inches (30.8 x 22.2 x 22.2 cm)
"Made in United States, North and Central America",© Beatrice Wood Center for the Arts / Happy Valley Foundation,1893,1998,,American,1930,Beatrice Wood,Evening at Arensbergs,"Watercolor, ink, and graphite on wove paper",,http://www.philamuseum.org/images/cad/large/1978-98-6-pma.jpg,Sheet: 13 x 16 inches (33 x 40.6 cm)
"Made in United States, North and Central America",© Beatrice Wood Center for the Arts / Happy Valley Foundation,1893,1998,,American,1917,Beatrice Wood,Enormitées se disent dans un salon,"Pen and black ink, colored pencil and colored crayon over graphite on wove paper",,http://www.philamuseum.org/images/cad/large/1978-99-3det-pma.jpg,Sheet: 13 x 8 inches (33 x 20.3 cm)
"Made in Ojai, California, United States, North and Central America",© Beatrice Wood Center for the Arts / Happy Valley Foundation,1893,1998,,American,1950,Beatrice Wood,Clytemnestra,Glazed earthenware,,http://www.philamuseum.org/images/cad/large/1994-101-1-neh.jpg,10 x 12 3/4 x 15 1/2 inches (25.4 x 32.4 x 39.4 cm)
"Made in United States, North and Central America",© Beatrice Wood Center for the Arts / Happy Valley Foundation,1893,1998,,American,1993,Beatrice Wood,Career Woman,"Transparent watercolor, colored crayon and graphite on wove paper (recto);
graphite (verso)",,"http://www.philamuseum.org/images/cad/large/1994-190-1a,bv1-pma.jpg",Sheet: 11 x 8 1/2 inches (27.9 x 21.6 cm)
"Made in California, United States, North and Central America",© Beatrice Wood Center for the Arts / Happy Valley Foundation,1893,1998,,American,1948,Beatrice Wood,Bowl,Luster-glazed earthenware,,http://www.philamuseum.org/images/cad/large/1984-24-4-CX.jpg,4 1/2 x 8 1/2 inches (11.4 x 21.6 cm)
"Made in United States, North and Central America","Gift of Collab: The Group for Modern and Contemporary Design at the Philadelphia Museum of Art, 2001",1960,0,,Canadian(bornEgypt),2000,Designed by Karim Rashid,Chess Set,"Thermoplastic rubber, acrylic",2001-150-1--33,http://www.philamuseum.org/images/cad/large/2001-150-1--33.jpg,Board:  14 1/4 x 14 1/4 inches (36.2 x 36.2 cm)
"Made in United States, North and Central America",© Beatrice Wood Center for the Arts / Happy Valley Foundation,1893,1998,,American,1917,Beatrice Wood,Beatrice…..Pourquoi!,Crayon and pen and black ink over graphite on wove paper,,http://www.philamuseum.org/images/cad/large/1978-99-31-pma.jpg,Sheet: 10 13/16 x 8 11/16 inches (27.5 x 22.1 cm)
"Made in United States, North and Central America",© Beatrice Wood Center for the Arts / Happy Valley Foundation,1893,1998,,American,1917,Beatrice Wood,Beatrice and Her Twelve Children,"Watercolor, gouache, ink, and crayon on wove paper",,http://www.philamuseum.org/images/cad/large/1978-98-4-pma.jpg,Sheet: 8 3/8 x 10 7/8 inches (21.3 x 27.6 cm)
"Made in Canada, North and Central America","Gift of Totem Design Group, 2000",1960,0,,Canadian(bornEgypt),1998,Designed by Karim Rashid,"""Oh"" Chair Prototype","Polypropylene, powder-coated steel",2000-155-1,http://www.philamuseum.org/images/cad/large/2000-155-1v1-pma.jpg,"34 x 24 x 24inches (86.4 x 61 x 61cm)
Height (to seat): 17 inches (43.2 cm)"
"Made in Santa Fe, New Mexico, United States, North and Central America","Gift of Nambé, 1999",1960,0,,Canadian(bornEgypt),1995,Designed by Karim Rashid,"""Jimmy"" Sugar Bowl",Metal alloy,1999-105-1,http://www.philamuseum.org/images/cad/large/1999-105-1-pma.jpg,Height: 4 inches (10.2 cm)
"Made in Santa Fe, New Mexico, United States, North and Central America","Gift of Nambé, 1999",1960,0,,Canadian(bornEgypt),1995,Designed by Karim Rashid,"""Jimmy"" Creamer",Metal alloy,1999-105-2,http://www.philamuseum.org/images/cad/large/1999-105-2-pma.jpg,Height: 4 inches (10.2 cm)
"Made in Canada, North and Central America","Gift of Umbra, Ltd., 1999",1960,0,,Canadian(bornEgypt),1992,Designed by Karim Rashid,"""Gyro"" Wall Clock",Spun aluminum,1999-107-1,http://www.philamuseum.org/images/cad/large/1999-107-1.jpg,Diameter: 11 inches (27.9 cm)
"Made in Canada, North and Central America","Gift of Umbra, Ltd., 1999",1960,0,,Canadian(bornEgypt),1995,Designed by Karim Rashid,"""Garbo"" Can",Molded high-impact virgin polypropylene,1999-107-3,http://www.philamuseum.org/images/cad/large/1999-107-3-neh.jpg,17 x 13 x 13 1/2 inches (43.2 x 33 x 34.3 cm)
"Made in Canada, North and Central America","Gift of Umbra, Ltd., 1999",1960,0,,Canadian(bornEgypt),1996,Designed by Karim Rashid,"""Garbino"" Can",Molded polypropylene,1999-107-4,http://www.philamuseum.org/images/cad/large/1999-107-4-pma.jpg,13 x 10 x 10 1/2 inches (33 x 25.4 x 26.7 cm)
"Made in New York City, New York, United States, North and Central America","Gift of Jeanne S. Rymer, 2007",1909,2003,,American,1958,Designed by Erwine Laverne,"""Lotus"" Chair","Molded fiberglass, metal",2007-186-34,http://www.philamuseum.org/images/cad/large/2007-186-34v1-cons.jpg,30 x 23 1/2 x 22 inches (76.2 x 59.7 x 55.9 cm)
"Made in New York, United States, North and Central America","Gift of Jeanne S. Rymer, 2007",1909,2003,,American,1957,Designed by Erwine Laverne,"""Lily Chair""","Molded Plexiglas, polyester upholstery",2007-186-21,http://www.philamuseum.org/images/cad/large/2007-186-21v1-cons.jpg,36 1/2 x diam. 24 inches (92.7 x 61 cm)
"Photograph taken in Quebec, Gaspé, Canada, North and Central America",© Estate of Paul Strand,1890,1976,,American,1936,Paul Strand,"Boat Houses, Wolf River, Gaspé",Gelatin silver print,,http://www.philamuseum.org/images/cad/large/2009-160-678-pdp.jpg,"Image: 3 5/8 x 4 5/8 inches (9.2 x 11.7 cm)
Sheet: 5 3/4 x 7 5/16 inches (14.6 x 18.6 cm)"
"Photograph taken in Quebec, Gaspé, Canada, North and Central America",© Estate of Paul Strand,1890,1976,,American,1936,Paul Strand,"Boat Houses, Wolf River, Gaspé",Gelatin silver print,,http://www.philamuseum.org/images/cad/large/2009-160-677-pdp.jpg,"Image: 3 5/8 x 4 5/8 inches (9.2 x 11.7 cm)
Sheet: 5 11/16 x 6 3/4 inches (14.4 x 17.2 cm)"
"Photograph taken in Quebec, Gaspé, Canada, North and Central America",© Estate of Paul Strand,1890,1976,,American,1936,Paul Strand,"Boat House, Wolf River, Gaspé",Gelatin silver print,,http://www.philamuseum.org/images/cad/large/2009-160-676-pdp.jpg,"Image: 4 5/8 x 5 7/8 inches (11.8 x 14.9 cm)
Sheet: 5 1/16 x 6 1/4 inches (12.9 x 15.9 cm)"
"Photograph taken in Quebec, Gaspé, Canada, North and Central America",© Estate of Paul Strand,1890,1976,,American,1936,Paul Strand,"Boat House, Wolf River, Gaspé",Gelatin silver print,,http://www.philamuseum.org/images/cad/large/2010-14-28-pma.jpg,"Image: 7 1/2 x 9 5/8 inches (19 x 24.5 cm)
Sheet: 7 15/16 x 9 7/8 inches (20.1 x 25.1 cm)"
"Photograph taken in Quebec, Gaspé, Canada, North and Central America",© Estate of Paul Strand,1890,1976,,American,1936,Paul Strand,"Boat House, Wolf River, Gaspé",Gelatin silver print,,http://www.philamuseum.org/images/cad/large/2009-160-675-pdp.jpg,"Image: 4 5/8 x 5 7/8 inches (11.8 x 14.9 cm)
Sheet (at longest point): 11 x 14 inches (27.9 x 35.5 cm)"
"Photograph taken in Quebec, Gaspé, Canada, North and Central America",© Estate of Paul Strand,1890,1976,,American,1936,Paul Strand,"Boat House, Wolf River, Gaspé",Gelatin silver print,,http://www.philamuseum.org/images/cad/large/2009-160-674-pdp.jpg,"Image: 4 5/8 x 5 7/8 inches (11.8 x 14.9 cm)
Sheet (at longest point): 11 x 14 inches (27.9 x 35.5 cm)"
"Photograph taken in Quebec, Gaspé, Canada, North and Central America",© Estate of Paul Strand,1890,1976,,American,1936,Paul Strand,"Boat House, Wolf River, Gaspé",Gelatin silver print,,http://www.philamuseum.org/images/cad/large/2009-160-673-pdp.jpg,"Image: 4 5/8 x 5 7/8 inches (11.8 x 14.9 cm)
Sheet (at longest point): 11 x 14 inches (27.9 x 35.5 cm)"
"Photograph taken in Percé, Quebec, Gaspé, Canada, North and Central America",© Estate of Paul Strand,1890,1976,,American,1929,Paul Strand,"Black Horse on the Beach, Percé, Gaspé",Gelatin silver print,,http://www.philamuseum.org/images/cad/large/1980-21-80-pdp.jpg,Image (sight): 7 5/8 x 6 inches (19.4 x 15.2 cm)
"Photograph taken in Percé, Quebec, Gaspé, Canada, North and Central America",© Estate of Paul Strand,1890,1976,,American,1929,Paul Strand,"Beaching the Boat, Percé, Gaspé",Gelatin silver print,,http://www.philamuseum.org/images/cad/large/2010-14-20-pma.jpg,Image and sheet: 3 7/8 x 6 1/2 inches (9.8 x 16.5 cm)
"Photograph taken in Percé, Quebec, Gaspé, Canada, North and Central America",© Estate of Paul Strand,1890,1976,,American,1929,Paul Strand,"Beaching the Boat, Percé, Gaspé",Gelatin silver print,,http://www.philamuseum.org/images/cad/large/2010-14-19-pma.jpg,Image and sheet: 5 1/2 x 8 1/2 inches (13.9 x 21.6 cm)
"Photograph taken in Percé, Percé, Quebec, Gaspé, Canada, North and Central America",© Estate of Paul Strand,1890,1976,,American,1929,Paul Strand,"Beach, Percé, Gaspé",Gelatin silver print,,http://www.philamuseum.org/images/cad/large/2009-160-16-pdp.jpg,"Image: 4 5/8 x 5 13/16 inches (11.8 x 14.7 cm)
Sheet: 4 15/16 x 7 inches (12.5 x 17.8 cm)"
"Photograph taken in Percé, Quebec, Gaspé, Canada, North and Central America",© Estate of Paul Strand,1890,1976,,American,1929,Paul Strand,"Beach, Percé, Gaspé",Gelatin silver print,,http://www.philamuseum.org/images/cad/large/2010-14-21-pma.jpg,"Image: 8 1/8 x 6 7/8 inches (20.6 x 17.4 cm)
Sheet: 8 1/4 x 7 inches (21 x 17.8 cm)"
"Photograph taken in Louiseville, Quebec, Canada, North and Central America",© Estate of Paul Strand,1890,1976,,American,1936,Paul Strand,"Barns and Sheds, Louiseville, Quebec",Gelatin silver print,,http://www.philamuseum.org/images/cad/large/1980-21-79-pma.jpg,Image (sight): 7 3/4 x 9 7/16 inches (19.7 x 24 cm)
"Made in United States, North and Central America","Gift of Collab: The Group for Modern and Contemporary Design at the Philadelphia Museum of Art in honor of Neil Sandvold and partial gift of Gary Kalpakjian, 2001",1925,0,,American,1989,Designed by Robert Venturi,Pair of Andirons,Wrought iron,"2001-68-1a,b","http://www.philamuseum.org/images/cad/large/2001-68-1a,b.jpg",32 x 21 x 23 inches (81.3 x 53.3 x 58.4 cm)
"Made in United States, North and Central America","Purchased with the Richardson Fund, 1986",1925,0,,American,1980,Designed by Robert Venturi,Milk Pot from a Tea and Coffee Service,Silver with gilt decoration,1986-15-3,http://www.philamuseum.org/images/cad/large/1986-15-3-ov.jpg,"4 3/4 x 4 13/16 x 2 3/4 inches (12 x 12.2 x 7 cm)
Weight: 10 ounces 16.5 dwt 5.5 g"
"Made in United States, North and Central America","Gift of Swid Powell and Reed & Barton, 1993",1925,0,,American,1992,Designed by Robert Venturi,Flatware,Stainless steel,1993-141-1a--e,http://www.philamuseum.org/images/cad/large/1993-141-1a--e-ov.jpg,"Length (Knife): 9 1/2 inches (24.1 cm)
Length (Fork): 8 inches (20.3 cm)
Length (Salad fork): 7 inches (17.8 cm)
Length (Teaspoon): 6 1/4 inches (15.9 cm)
Length (Soup spoon): 7 inches (17.8 cm)"
"Made in New York City, New York, United States, North and Central America","Gift of DesignTex Inc., 2000",1925,0,,American,1989,Designed by Robert Venturi,Gingham Floral Fabric,Cotton,2000-84-2,http://www.philamuseum.org/images/cad/large/2000-84-2.jpg,54 x 144 inches (137.2 x 365.8 cm)
"Made in New York City, New York, United States, North and Central America","Gift of DesignTex Inc., 2000",1925,0,,American,1989,Designed by Robert Venturi,Raku Fabric,Cotton,2000-84-1,http://www.philamuseum.org/images/cad/large/2000-84-1.jpg,Length: 144 inches (365.8 cm)
"Made in United States, North and Central America","Purchased with the Richardson Fund, 1986",1925,0,,American,1980,Designed by Robert Venturi,Coffeepot from a Tea and Coffee Service,Silver with gilt decoration,"1986-15-1a,b","http://www.philamuseum.org/images/cad/large/1986-15-1a,b-ov.jpg","8 7/8 x 7 3/4 inches (22.6 x 19.7 cm)
Weight: 28 ounces 1 dwt"
"Made in United States, North and Central America","Gift of Robert Venturi, 1992",1925,0,,American,1989,Designed by Robert Venturi,Carving Set: Knife and Fork,Silver plate and stainless steel,"1992-39-1a,b","http://www.philamuseum.org/images/cad/large/1992-39-1a,b-ov.jpg","Knife (Length): 13 inches (33 cm)
Fork (Length): 10 inches (25.4 cm)"
"Made in United States, North and Central America","Gift of Swid Powell, 1993",1925,0,,American,1993,Designed by Robert Venturi,"Buffet Plate from the ""Flowers"" Service",Porcelain with overglaze transfer-printed decoration,1993-140-1,http://www.philamuseum.org/images/cad/large/1993-140-1-neh.jpg,1 1/8 x 12 1/4 inches (2.9 x 31.1 cm)
"Made in United States, North and Central America","Gift of Collab: The Group for Modern and Contemporary Design at the Philadelphia Museum of Art, 1986",1925,0,,American,1978,Designed by Robert Venturi,"""Sheraton"" Chair","Bent laminated wood, plastic laminate with applied pattern, upholstery",1986-152-1,http://www.philamuseum.org/images/cad/large/1986-152-1view3.jpg,"33 1/4 x 21 3/4 x 23 1/2 inches (84.5 x 55.2 x 59.7 cm)
Height (to seat): 17 inches (43.2 cm)"
"Made in Philadelphia, Pennsylvania, United States, North and Central America","Gift of Collab: The Group for Modern and Contemporary Design at the Philadelphia Museum of Art, 1987",1925,0,,American,1981,Designed by Robert Venturi,"""Notebook"" Fabric",Print on cotton,1987-99-1,http://www.philamuseum.org/images/cad/large/1987-99-1.jpg,56 inches x 9 feet (142.2 x 274.3 cm)
"Made in United States, North and Central America","Gift of Collab: The Group for Modern and Contemporary Design at the Philadelphia Museum of Art, 1987",1925,0,,American,1981,Designed by Robert Venturi,"""Grandmother"" Fabric",Print on cotton,1987-99-2,http://www.philamuseum.org/images/cad/large/1987-99-2.jpg,108 x 56 inches (274.3 x 142.2 cm)
"Made in United States, North and Central America","Gift of Marion Boulton Stroud, 1999",1925,0,,American,1979,Designed by Robert Venturi,"""Gothic Revival"" Chair",Bent laminated wood and painted plastic laminate,1999-158-1,http://www.philamuseum.org/images/cad/large/1999-158-1.jpg,40 3/4 x 20 1/4 x 23 inches (103.5 x 51.4 x 58.4 cm)
"Made in United States, North and Central America","Gift of Swid Powell, 1993",1925,0,,American,1993,Designed by Robert Venturi,"""Flowers"" Cup and Saucer",Porcelain with overglaze transfer-printed decoration,"1993-140-3a,b","http://www.philamuseum.org/images/cad/large/1993-140-3a,bderiv.jpg","Cup: 2 1/4 × 3 1/4 × 4 1/2 inches (5.7 × 8.3 × 11.4 cm)
Saucer: 6 1/4 inches (15.9 cm)"
"Made in United States, North and Central America","Gift of Swid Powell, 1993",1925,0,,American,1993,Designed by Robert Venturi,"""Flowers"" Dinner Plate",Porcelain with overglaze transfer-printed decoration,1993-140-2,http://www.philamuseum.org/images/cad/large/1993-140-2.jpg,Diameter: 12 1/4 inches (31.1 cm)
"Made in New York City, New York, United States, North and Central America","Gift of DesignTex Inc., 2000",1925,0,,American,1989,Designed by Robert Venturi,"""Dots"" Fabric",Cotton,2000-84-3,http://www.philamuseum.org/images/cad/large/2000-84-3.jpg,54 x 144 inches (137.2 x 365.8 cm)
"Photograph taken in Percé, Percé, Quebec, Gaspé, Canada, North and Central America",© Estate of Paul Strand,1890,1976,,American,1929,Paul Strand,"Boats on the Shore (Sails and Clouds), Percé, Gaspé",Gelatin silver print,,http://www.philamuseum.org/images/cad/large/2009-160-15-pdp.jpg,"Image: 4 5/8 x 3 11/16 inches (11.8 x 9.3 cm)
Sheet: 4 15/16 x 4 inches (12.6 x 10.2 cm)"
"Made in United States, North and Central America","Gift of Mr. and Mrs. George Anselevicius, 1983",0,0,,American.MadebyKnollTextiles,1953,Designed by Evelyn Hill Anselevicius,Woven Textile,Wool plain weave,1983-42-1,http://www.philamuseum.org/images/cad/large/1983-42-1-pma.jpg,58 x 35 3/4 inches (147.3 x 90.8 cm)
"Made in United States, North and Central America","Gift of Mr. and Mrs. George Anselevicius, 1983",0,0,,American.MadebyKnollTextiles,1951,Designed by Evelyn Hill Anselevicius,Woven Textile,"Wool, viscose, rayon, synthetic raffia",1983-42-2,http://www.philamuseum.org/images/cad/large/1983-42-2-pma.jpg,104 x 35 inches (264.2 x 88.9 cm)
"Made in Boston, Massachusetts, United States, North and Central America","Gift of the Heirs of Samuel Breck, 1956",1742,1831,,American,1750,Made by Hannah Andrews,Coat of Arms of the Andrews Family,"Silk satin weave with silk and gilt thread embroidery in couching, stem, and encroaching satin stitches and laid work",1956-68-42,http://www.philamuseum.org/images/cad/large/1956-68-42.jpg,21 x 19 inches (53.3 x 48.3 cm)
"Made in Mexico, North and Central America","or Spain, Europe",0,0,,MexicanorSpanish,1838,Teresa Alonso,Sampler,"Ivory linen plain weave with multicolored silk embroidery in cross, gobelin and satin stitches; pink silk satin ribbon; white silk braid with fringe",2000-8-4,http://www.philamuseum.org/images/cad/large/2000-8-4-rec.jpg,19 1/2 x 19 inches (49.5 x 48.3 cm)
"Made in Concord, New Hampshire, United States, North and Central America","Whitman Sampler Collection, gift of Pet, Incorporated, 1969",0,0,,American,0,Embroidered by Hannah Abbott,Sampler,"Silk on canvas; cross, feather, and satin stitches",1969-288-191,http://www.philamuseum.org/images/cad/large/1969-288-191-dept.jpg,13 x 12 1/2 inches (33 x 31.8 cm)
"Made in Philadelphia, Pennsylvania, United States, North and Central America","Gift of the McNeil Americana Collection, 2005",1745,1831,,American(bornScotland),1800,John Aitken,Creamer,Silver,2005-68-1,http://www.philamuseum.org/images/cad/large/2005-68-1-ov.jpg,"6 5/8 x 4 7/8 inches (16.8 x 12.4 cm)
Diameter (of base): 2 5/8 inches (6.7 cm)
Weight: 5 ounces (0.14 kg)"
"Made in Philadelphia, Pennsylvania, United States, North and Central America","Purchased with Museum Funds, 1950",1745,1831,,American(bornScotland),1780,John Aitken,Cream Pot,Silver,1950-12-3,http://www.philamuseum.org/images/cad/large/1950-12-3-ov.jpg,"5 x 5 3/16 inches (12.7 x 13.2 cm)
Weight: 7 ounces 10 dwt"
"Made in Taxco, Mexico, North and Central America","Bequest of Robert C. Alexander from the Dr. Frank Crozer Knowles Collection, 1988",1905,1986,,Mexican(activeTaxco),1940,Héctor Aguilar,Footed Dish,Silver,1988-68-20,http://www.philamuseum.org/images/cad/large/1988-68-20-ov.jpg,2 x 8 7/8 x 5 3/16 inches (5.1 x 22.5 x 13.2 cm)
